Table containing the significantly differentially expressed genes. The columns include,,,,,,,,,,,,,
baseMean = the average of the normalized counts taken over all samples,,,,,,,,,,,,,
log2FoldChange = log2 fold change between the groups. E.g. value 2 means that the expression has increased 4-fold,,,,,,,,,,,,,
lfcSE = standard error of the log2FoldChange estimate,,,,,,,,,,,,,
stat = Wald statistic,,,,,,,,,,,,,
pvalue = Wald test p-value,,,,,,,,,,,,,
,,,,,,,,,,,,,
,,,,,,,,,,,,,
"Reference:  M Love, W Huber and S Anders: Moderated estimation of fold change and dispersion for RNA-Seq data with DESeq2. Genome Biol. 2014 15:550",,,,,,,,,,,,,
,,,,,,,,,,,,,
,,,,,,,,,,,,,
,,,,,,,,,,,,,
,,,DESeq2 Output showing ASVs that were significantly different,,,,,,,,,,
,,,,,,,,,,,,,
,baseMean,log2FoldChange,lfcSE,stat,pvalue,padj,Kingdom,Phylum,Class,Order,Family,Genus,Species
CTTCGGTGCCCGAGTTGTAATTTGGAGAGGGCAACTTTGGGGCCGTTCCTTGTCTATGTTCCTTGGAACAGGACGTCATAGAGGGTGAGAATCCCGTGTGGCGAGGAGTGCGGTTCTTTGTAAAGTGCCTTCGAAGAGTCGAGTTGTTTGGGAATGCAGCTCTAAGTGGGTGGTAAATTCCATCTAAAGCTAAAT,285.1629648,12.38957684,0.74334845,16.6672532,2.27E-62,5.44E-61,Fungi,Ascomycota,Saccharomycetes,Saccharomycetales,Saccharomycetaceae,Saccharomyces,S.cerevisiae 
TTTCAGTGCCCGAGTTGTAATTTGTAGAATTTGTCTTTGATTTGGTCCTTGTCTATGTTCCTTGGAACAGGACGTCATAGAGGGTGAGAATCCCGTTTGGCGAGGATACCATTTCTTTGTAAGACTTTTTCGAAGAGTCGAGTTGTTTGGGAATGCAGCTCAAAGTGGGTGGTAAATTCCATCTAAAGCTAAATA,370.1058012,12.76509866,0.809703182,15.76515807,5.40E-56,6.48E-55,Fungi,Ascomycota,Saccharomycetes,Saccharomycetales,Saccharomycodaceae,Hanseniaspora,H.valbyensis
GCTCAAATTTGAAATCTGGTACTTTCAGTGCCCGAGTTGTAATTTGTAGAATTTGTTTTTGATTTGGTCCTTGTCTATGTTCCTTGGAACAGGACGTCATAGAGGGTGAGAATCCCGTTTGGCGAGGATACCATTTCTTTGTAAAACTTTTTCGAAGAGTCGAGTTGTTTGGGAATGCAGCTCAAAGTGGGTGGTAAATTCCATCTAAAGCTAAATATTGGCGAGAGACCGA,37.87891635,-24.32555421,2.11675234,-11.49192267,1.45E-30,1.16E-29,Fungi,Ascomycota,Saccharomycetes,Saccharomycetales,Saccharomycodaceae,Hanseniaspora,H.valbyensis
GCTCAAATTTGAAATCTGGTACTTTCAGTGCCCGAGTTGTAATTTGTAGAATTTGTCTTTGATTTGGTCCTTGTCTATGTTCCTTGGAACAGGACGTCATAGAGGGTGAGAATCCCGTTTGGCGAGGATACCATTTCTTTGTAAGACTTTTTCGAAGAGTCGAGTTGTTTGGGAATGCAGCTCAAAGTGGGTGGTAAATTCCATCTAAAGCTAAATATTGGCGAGAGACCGA,50.8449067,-24.73205698,2.19020421,-11.29212375,1.44E-29,8.61E-29,Fungi,Ascomycota,Saccharomycetes,Saccharomycetales,Saccharomycodaceae,Hanseniaspora,H.valbyensis
TCGTGGCTTGAGTTGTAATTTGGAGACGGGATACTAGAGAGAGGGAGGGCGACTAAGTGCCTTGGAACAGGCTGCCGTAGAGGGTGAGAGCCCCGTGAGTCGCGTGAACTCGATCAATTAGTGCCCGCCGAAGAGTCGAGTTGTTTGGGAATGCAGCTCTAAGTGGGTGGTATATTCCATCTAAGGCTAAATATT,61.50762688,10.17735187,0.905595881,11.23829303,2.64E-29,1.27E-28,Fungi,Ascomycota,Saccharomycetes,Saccharomycetales,Pichiaceae,Brettanomyces,B.anomalus
TTTCAGTGCCCGAGTTGTAATTTGTAGAATTTGTTTTTGATTTGGTCCTTGTCTATGTTCCTTGGAACAGGACGTCATAGAGGGTGAGAATCCCGTTTGGCGAGGATACCATTTCTTTGTAAAACTTTTTCGAAGAGTCGAGTTGTTTGGGAATGCAGCTCAAAGTGGGTGGTAAATTCCATCTAAAGCTAAATA,304.1482194,12.46902452,1.160390806,10.74553888,6.22E-27,2.49E-26,Fungi,Ascomycota,Saccharomycetes,Saccharomycetales,Saccharomycodaceae,Hanseniaspora,H.valbyensis
TCGGGTTCGCATTGTAATTTGTAGAGGATGATTTGGGGAAGCCGCCTGTCTAAGTTCCTTGGAACAGGACGTCATAGAGGGTGAGAATCCCGTATGTGACAGGAAATGGCACCCTATGTAAATCTCCTTCGACGAGTCGAGTTGTTTGGGAATGCAGCTCTAAATGGGAGGTAAATTTCTTCTAAAGCTAAATAT,35.90007019,9.414335484,0.964180387,9.764081092,1.61E-22,5.50E-22,Fungi,Ascomycota,Dothideomycetes,Dothideales,Aureobasidiaceae,Aureobasidium,A.pullulans
GCTCAAATTTGAAATCTGGTACCTTCGGTGCCCGAGTTGTAATTTGGAGAGGGCAACTTTGGGGCCGTTCCTTGTCTATGTTCCTTGGAACAGGACGTCATAGAGGGTGAGAATCCCGTGTGGCGAGGAGTGCGGTTCTTTGTAAAGTGCCTTCGAAGAGTCGAGTTGTTTGGGAATGCAGCTCTAAGTGGGTGGTAAATTCCATCTAAAGCTAAATATTGGCGAGAGACCGA,24.15255769,-22.2815761,2.449203812,-9.097477306,9.25E-20,2.77E-19,Fungi,Ascomycota,Saccharomycetes,Saccharomycetales,Saccharomycetaceae,Saccharomyces,S.cerevisiae 
CATTCGGTGCCCGAGTTGTAATTTGTAGAAGGCGACTCTGGGGCTGGTCCTTGTCTATGTTCCTTGGAACAGGACGTCATAGAGGGTGAGAATCCCGTGTGGCGAGGATACCAGTTCTTTGTAGAGTGCTTTCGAAGAGTCGAGTTGTTTGGGAATGCAGCTCTAAGTGGGTGGTAAATTCCATCTAAAGCTAAA,45.8996458,9.743622182,1.192017313,8.174060957,2.98E-16,7.95E-16,Fungi,Ascomycota,Saccharomycetes,Saccharomycetales,Saccharomycetaceae,Zygosaccharomyces,Z.lentus
GCTCAAATTTGAAATCTGGTACCTTCGGTGCCCGAGTTGTAATTTGGAGAGGGCAACTTTGGGGCCGTTCCTTGTCTATGTTCCTTGGAACAGGACGTCATAGAGGGTGAGAATCCCGTGTGGCGAGGAGTGCGGTTCTTTGTAAAGTGCCTTCGAAGAGTCGAGTTGTTTGGGAATGCAGCTCTAAGTGGGTGGTAAATTCCATCTAAAGCTAAATATTGGCGAGAGACCGATA,4.102950035,-21.2291884,2.94500133,-7.208549682,5.66E-13,1.36E-12,Fungi,Ascomycota,Saccharomycetes,Saccharomycetales,Saccharomycetaceae,Saccharomyces,S.cerevisiae 
CCGGGAATTGTAATTTGAAGAGATTTGGGTCCGGCCGGCAGGGGTTAAGTCCACTGGAAAGTGGCGCCACAGAGGGTGACAGCCCCGTGAACCCCTTTAACGCCCTCATCCCAGATCTCCAAGAGTCGAGTTGTTTGGGAATGCAGCTCTAAGTGGGTGGTAAATTCCATCTAAAGCTAAATACCGGCGAGAGACCGAT,32.71036966,9.248641097,1.402336109,6.595167189,4.25E-11,9.27E-11,Fungi,Ascomycota,Saccharomycetes,Saccharomycetales,Metschnikowiaceae,Metschnikowia,Metschnikowia Genus
TCGCGGCTTGAGTTGTAATTTGGAGACGGGATACTAGAGAGAGGGAGGGCGACTAAGTGCCTTGGAACAGGCTGCCGTAGAGGGTGAGAGCCCCGTGAGTTGCGTGAACTTGATCAATTAGTGCCCGCCGAAGAGTCGAGTTGTTTGGGAATGCAGCTCTAAGTGGGTGGTATATTCCATCTAAGGCTAAATATT,15.12895801,8.150264766,1.664449304,4.896673481,9.75E-07,1.95E-06,Fungi,Ascomycota,Saccharomycetes,Saccharomycetales,Pichiaceae,Brettanomyces,B.anomalus
CCGAGTTGTAATTTGGAGACGGGACACTAGAGAGGAGGAAGGCGATTAAGTGCCTTGGAACAGGCTGCCGTAGAGGGTGAGAGCCCCGTGAATCGCTGGAGACCGATCGATTAGTGCCCGCCGAAGAGTCGAGTTGTTTGGGAATGCAGCTCTAAGCGGGTGGTATATTCCATCTAAGGCTAAATATTAGCGAGA,13.7412176,8.011538867,1.737104404,4.612007687,3.99E-06,7.36E-06,Fungi,Ascomycota,Saccharomycetes,Saccharomycetales,Pichiaceae,Brettanomyces,B.bruxellensis
CTTCGGTGCCCGAGTTGTAATTTGTAGAAGGCGACTCTGGGACTGGTCCTTGTCTATGTTCCTTGGAACAGGACGTCATGGAGGGTGAGAATCCCGTATGGCGAGGATCCCAGTTCTTTGTAGAGTGCCTTCGAAGAGTCGAGTTGTTTGGGAATGCAGCTCTAAGTGGGTGGTAAATTCCATCTAAAGCTAAAT,19.65545925,8.515048104,2.044205836,4.165455334,3.11E-05,5.33E-05,Fungi,Ascomycota,Saccharomycetes,Saccharomycetales,Saccharomycetaceae,Zygosaccharomyces,Z.parabailii
GCCCAAATTTGAAATCGGGCAACCGAGTTGTAATTTGGAGACGGGACACTAGAGAGGAGGAAGGCGATTAAGTGCCTTGGAACAGGCTGCCGTAGAGGGTGAGAGCCCCGTGAATCGCTGGAGACCGATCAATTAGTGCCCGCCGAAGAGTCGAGTTGTTTGGGAATGCAGCTCTAAGTGGGTGGTATATTCCATCTAAGGCTAAATATTAGCGAGAGACCGA,23.55249472,-6.819715286,1.860004025,-3.666505661,0.000245887,0.00039342,Fungi,Ascomycota,Saccharomycetes,Saccharomycetales,Pichiaceae,Brettanomyces,B.bruxellensis
CCGGGAATTGTAATTTGAAGAGATTTGGGTCCGGCCGGCGGGGGTTAAGTCCACTGGAAAGTGGCGCCACAGAGGGTGACAGCCCCGTGAACCCCCTCAACGCCTTCATCCCAGATCTCCAAGAGTCGAGTTGTTTGGGAATGCAGCTCTAAGTGGGTGGTAAATTCCATCTAAAGCTAAATACCGGCGAGAGACCGAT,5.514118322,6.723236312,2.849861179,2.359145197,0.018317087,0.027475631,Fungi,Ascomycota,Saccharomycetes,Saccharomycetales,Metschnikowiaceae,Metschnikowia,Metschnikowia Genus
CTTTCAGGCGTCCGAGTTGTAATCTATAGAGGCGTTTTCCGCGCCGGACCGCGTCCAAGTCTCTTGGAATAGAGTATCAAAGAGGGTGACAATCCCGTACTTGACGCGACAACCGGTGCTCTGTGATACGTTCTCAATGAGTCGAGTTGTTTGGGAATGCAGCTCTAAATGGGTGGTAAATTCCATCTAAGGCTA,3.612759802,6.159823907,2.946665469,2.090438827,0.036578398,0.049394304,Fungi,Basidiomycota,Tremellomycetes,Tremellales,Bulleribasidiaceae,Vishniacozyma,V.tephrensis
GCACTTGTGCCGTTGTATTCTGAAGTTAGGATTCTCGAAAACGACACCTAAGTTTTCTGGAAAGGAATGCCACAGAGGGTGATAGCCCCGTACGGTGTTGACTCGATACAGAGTCCTAACATGGAGTCGAGTTGTTTGGGAATGCAGCTCAAATGGGTGGTATGCTCCATCTAAGGCTAAATATTTGCGAGAGACCGATAGC,2.880373486,5.876834891,2.848555941,2.063092673,0.039103824,0.049394304,Fungi,Ascomycota,Saccharomycetes,Saccharomycetales,Saccharomycetales_fam_Incertae_sedis,Starmerella,Starmerella Genus
TTTCAGTGCCCGAGTTGTAATTTGTAGAATTTGTCTTTGATTAGGTCCTTGTCTATGTTCCTTGGAACAGGACGTCATAGAGGGTGAGAATCCCGTTTGGCGAGGATACCTTTTCTCTGTAAGACTTTTTCGAAGAGTCGAGTTGTTTGGGAATGCAGCTCAAAGTGGGTGGTAAATTCCATCTAAAGCTAAATA,2.908480946,5.88613638,2.847498861,2.067125104,0.038722367,0.049394304,Fungi,Ascomycota,Saccharomycetes,Saccharomycetales,Saccharomycodaceae,Hanseniaspora,Hanseniaspora Genus
